[
  {
    "Indicator": "Provincial COVID-19 and influenza weekly activity assessment",
    "Week start date": "04SEP2022",
    "Week end date": "10SEP2022",
    "Surveillance period": "2022-23",
    "Surveillance week": 36,
    "COVID-19 activity": "Moderate (10.0% - 16.9%)",
    "COVID-19 weekly indicator change": "Lower",
    "Influenza activity": "Low (<10%)",
    "Influenza weekly indicator change": "Similar"
  },
  {
    "Indicator": "Provincial COVID-19 and influenza weekly activity assessment",
    "Week start date": "11SEP2022",
    "Week end date": "17SEP2022",
    "Surveillance period": "2022-23",
    "Surveillance week": 37,
    "COVID-19 activity": "Moderate (10.0% - 16.9%)",
    "COVID-19 weekly indicator change": "Similar",
    "Influenza activity": "Low (<10%)",
    "Influenza weekly indicator change": "Similar"
  },
  {
    "Indicator": "Provincial COVID-19 and influenza weekly activity assessment",
    "Week start date": "18SEP2022",
    "Week end date": "24SEP2022",
    "Surveillance period": "2022-23",
    "Surveillance week": 38,
    "COVID-19 activity": "Moderate (10.0% - 16.9%)",
    "COVID-19 weekly indicator change": "Similar",
    "Influenza activity": "Low (<10%)",
    "Influenza weekly indicator change": "Higher"
  },
  {
    "Indicator": "Provincial COVID-19 and influenza weekly activity assessment",
    "Week start date": "25SEP2022",
    "Week end date": "01OCT2022",
    "Surveillance period": "2022-23",
    "Surveillance week": 39,
    "COVID-19 activity": "Moderate (10.0% - 16.9%)",
    "COVID-19 weekly indicator change": "Similar",
    "Influenza activity": "Low (<10%)",
    "Influenza weekly indicator change": "Similar"
  },
  {
    "Indicator": "Provincial COVID-19 and influenza weekly activity assessment",
    "Week start date": "02OCT2022",
    "Week end date": "08OCT2022",
    "Surveillance period": "2022-23",
    "Surveillance week": 40,
    "COVID-19 activity": "Moderate (10.0% - 16.9%)",
    "COVID-19 weekly indicator change": "Similar",
    "Influenza activity": "Low (<10%)",
    "Influenza weekly indicator change": "Higher"
  },
  {
    "Indicator": "Provincial COVID-19 and influenza weekly activity assessment",
    "Week start date": "09OCT2022",
    "Week end date": "15OCT2022",
    "Surveillance period": "2022-23",
    "Surveillance week": 41,
    "COVID-19 activity": "Moderate (10.0% - 16.9%)",
    "COVID-19 weekly indicator change": "Higher",
    "Influenza activity": "Low (<10%)",
    "Influenza weekly indicator change": "Higher"
  },
  {
    "Indicator": "Provincial COVID-19 and influenza weekly activity assessment",
    "Week start date": "16OCT2022",
    "Week end date": "22OCT2022",
    "Surveillance period": "2022-23",
    "Surveillance week": 42,
    "COVID-19 activity": "Moderate (10.0% - 16.9%)",
    "COVID-19 weekly indicator change": "Similar",
    "Influenza activity": "Low (<10%)",
    "Influenza weekly indicator change": "Higher"
  },
  {
    "Indicator": "Provincial COVID-19 and influenza weekly activity assessment",
    "Week start date": "23OCT2022",
    "Week end date": "29OCT2022",
    "Surveillance period": "2022-23",
    "Surveillance week": 43,
    "COVID-19 activity": "High (17.0% - 24.9%)",
    "COVID-19 weekly indicator change": "Similar",
    "Influenza activity": "Moderate (10.0% - 24.9%)",
    "Influenza weekly indicator change": "Higher"
  },
  {
    "Indicator": "Provincial COVID-19 and influenza weekly activity assessment",
    "Week start date": "30OCT2022",
    "Week end date": "05NOV2022",
    "Surveillance period": "2022-23",
    "Surveillance week": 44,
    "COVID-19 activity": "Moderate (10.0% - 16.9%)",
    "COVID-19 weekly indicator change": "Lower",
    "Influenza activity": "Moderate (10.0% - 24.9%)",
    "Influenza weekly indicator change": "Higher"
  },
  {
    "Indicator": "Provincial COVID-19 and influenza weekly activity assessment",
    "Week start date": "06NOV2022",
    "Week end date": "12NOV2022",
    "Surveillance period": "2022-23",
    "Surveillance week": 45,
    "COVID-19 activity": "Moderate (10.0% - 16.9%)",
    "COVID-19 weekly indicator change": "Lower",
    "Influenza activity": "Moderate (10.0% - 24.9%)",
    "Influenza weekly indicator change": "Higher"
  },
  {
    "Indicator": "Provincial COVID-19 and influenza weekly activity assessment",
    "Week start date": "13NOV2022",
    "Week end date": "19NOV2022",
    "Surveillance period": "2022-23",
    "Surveillance week": 46,
    "COVID-19 activity": "Moderate (10.0% - 16.9%)",
    "COVID-19 weekly indicator change": "Lower",
    "Influenza activity": "Moderate (10.0% - 24.9%)",
    "Influenza weekly indicator change": "Higher"
  },
  {
    "Indicator": "Provincial COVID-19 and influenza weekly activity assessment",
    "Week start date": "20NOV2022",
    "Week end date": "26NOV2022",
    "Surveillance period": "2022-23",
    "Surveillance week": 47,
    "COVID-19 activity": "Moderate (10.0% - 16.9%)",
    "COVID-19 weekly indicator change": "Lower",
    "Influenza activity": "Moderate (10.0% - 24.9%)",
    "Influenza weekly indicator change": "Higher"
  },
  {
    "Indicator": "Provincial COVID-19 and influenza weekly activity assessment",
    "Week start date": "27NOV2022",
    "Week end date": "03DEC2022",
    "Surveillance period": "2022-23",
    "Surveillance week": 48,
    "COVID-19 activity": "Moderate (10.0% - 16.9%)",
    "COVID-19 weekly indicator change": "Similar",
    "Influenza activity": "Moderate (10.0% - 24.9%)",
    "Influenza weekly indicator change": "Similar"
  },
  {
    "Indicator": "Provincial COVID-19 and influenza weekly activity assessment",
    "Week start date": "04DEC2022",
    "Week end date": "10DEC2022",
    "Surveillance period": "2022-23",
    "Surveillance week": 49,
    "COVID-19 activity": "Moderate (10.0% - 16.9%)",
    "COVID-19 weekly indicator change": "Higher",
    "Influenza activity": "Moderate (10.0% - 24.9%)",
    "Influenza weekly indicator change": "Lower"
  },
  {
    "Indicator": "Provincial COVID-19 and influenza weekly activity assessment",
    "Week start date": "11DEC2022",
    "Week end date": "17DEC2022",
    "Surveillance period": "2022-23",
    "Surveillance week": 50,
    "COVID-19 activity": "Moderate (10.0% - 16.9%)",
    "COVID-19 weekly indicator change": "Higher",
    "Influenza activity": "Moderate (10.0% - 24.9%)",
    "Influenza weekly indicator change": "Lower"
  },
  {
    "Indicator": "Provincial COVID-19 and influenza weekly activity assessment",
    "Week start date": "18DEC2022",
    "Week end date": "24DEC2022",
    "Surveillance period": "2022-23",
    "Surveillance week": 51,
    "COVID-19 activity": "Moderate (10.0% - 16.9%)",
    "COVID-19 weekly indicator change": "Higher",
    "Influenza activity": "Low (<10%)",
    "Influenza weekly indicator change": "Lower"
  },
  {
    "Indicator": "Provincial COVID-19 and influenza weekly activity assessment",
    "Week start date": "25DEC2022",
    "Week end date": "31DEC2022",
    "Surveillance period": "2022-23",
    "Surveillance week": 52,
    "COVID-19 activity": "Moderate (10.0% - 16.9%)",
    "COVID-19 weekly indicator change": "Higher",
    "Influenza activity": "Low (<10%)",
    "Influenza weekly indicator change": "Lower"
  },
  {
    "Indicator": "Provincial COVID-19 and influenza weekly activity assessment",
    "Week start date": "01JAN2023",
    "Week end date": "07JAN2023",
    "Surveillance period": "2022-23",
    "Surveillance week": "01",
    "COVID-19 activity": "Moderate (10.0% - 16.9%)",
    "COVID-19 weekly indicator change": "Higher",
    "Influenza activity": "Low (<10%)",
    "Influenza weekly indicator change": "Lower"
  },
  {
    "Indicator": "Provincial COVID-19 and influenza weekly activity assessment",
    "Week start date": "08JAN2023",
    "Week end date": "14JAN2023",
    "Surveillance period": "2022-23",
    "Surveillance week": "02",
    "COVID-19 activity": "Moderate (10.0% - 16.9%)",
    "COVID-19 weekly indicator change": "Lower",
    "Influenza activity": "Low (<10%)",
    "Influenza weekly indicator change": "Lower"
  },
  {
    "Indicator": "Provincial COVID-19 and influenza weekly activity assessment",
    "Week start date": "15JAN2023",
    "Week end date": "21JAN2023",
    "Surveillance period": "2022-23",
    "Surveillance week": "03",
    "COVID-19 activity": "Moderate (10.0% - 16.9%)",
    "COVID-19 weekly indicator change": "Lower",
    "Influenza activity": "Low (<10%)",
    "Influenza weekly indicator change": "Lower"
  },
  {
    "Indicator": "Provincial COVID-19 and influenza weekly activity assessment",
    "Week start date": "22JAN2023",
    "Week end date": "28JAN2023",
    "Surveillance period": "2022-23",
    "Surveillance week": "04",
    "COVID-19 activity": "Moderate (10.0% - 16.9%)",
    "COVID-19 weekly indicator change": "Similar",
    "Influenza activity": "Low (<10%)",
    "Influenza weekly indicator change": "Similar"
  },
  {
    "Indicator": "Provincial COVID-19 and influenza weekly activity assessment",
    "Week start date": "29JAN2023",
    "Week end date": "04FEB2023",
    "Surveillance period": "2022-23",
    "Surveillance week": "05",
    "COVID-19 activity": "Moderate (10.0% - 16.9%)",
    "COVID-19 weekly indicator change": "Similar",
    "Influenza activity": "Low (<10%)",
    "Influenza weekly indicator change": "Similar"
  },
  {
    "Indicator": "Provincial COVID-19 and influenza weekly activity assessment",
    "Week start date": "05FEB2023",
    "Week end date": "11FEB2023",
    "Surveillance period": "2022-23",
    "Surveillance week": "06",
    "COVID-19 activity": "Moderate (10.0% - 16.9%)",
    "COVID-19 weekly indicator change": "Similar",
    "Influenza activity": "Low (<10%)",
    "Influenza weekly indicator change": "Similar"
  },
  {
    "Indicator": "Provincial COVID-19 and influenza weekly activity assessment",
    "Week start date": "12FEB2023",
    "Week end date": "18FEB2023",
    "Surveillance period": "2022-23",
    "Surveillance week": "07",
    "COVID-19 activity": "Moderate (10.0% - 16.9%)",
    "COVID-19 weekly indicator change": "Similar",
    "Influenza activity": "Low (<10%)",
    "Influenza weekly indicator change": "Similar"
  },
  {
    "Indicator": "Provincial COVID-19 and influenza weekly activity assessment",
    "Week start date": "19FEB2023",
    "Week end date": "25FEB2023",
    "Surveillance period": "2022-23",
    "Surveillance week": "08",
    "COVID-19 activity": "Moderate (10.0% - 16.9%)",
    "COVID-19 weekly indicator change": "Similar",
    "Influenza activity": "Low (<10%)",
    "Influenza weekly indicator change": "Similar"
  },
  {
    "Indicator": "Provincial COVID-19 and influenza weekly activity assessment",
    "Week start date": "26FEB2023",
    "Week end date": "04MAR2023",
    "Surveillance period": "2022-23",
    "Surveillance week": "09",
    "COVID-19 activity": "Moderate (10.0% - 16.9%)",
    "COVID-19 weekly indicator change": "Similar",
    "Influenza activity": "Low (<10%)",
    "Influenza weekly indicator change": "Higher"
  },
  {
    "Indicator": "Provincial COVID-19 and influenza weekly activity assessment",
    "Week start date": "05MAR2023",
    "Week end date": "11MAR2023",
    "Surveillance period": "2022-23",
    "Surveillance week": 10,
    "COVID-19 activity": "Moderate (10.0% - 16.9%)",
    "COVID-19 weekly indicator change": "Similar",
    "Influenza activity": "Low (<10%)",
    "Influenza weekly indicator change": "Similar"
  },
  {
    "Indicator": "Provincial COVID-19 and influenza weekly activity assessment",
    "Week start date": "12MAR2023",
    "Week end date": "18MAR2023",
    "Surveillance period": "2022-23",
    "Surveillance week": 11,
    "COVID-19 activity": "Moderate (10.0% - 16.9%)",
    "COVID-19 weekly indicator change": "Similar",
    "Influenza activity": "Low (<10%)",
    "Influenza weekly indicator change": "Similar"
  },
  {
    "Indicator": "Provincial COVID-19 and influenza weekly activity assessment",
    "Week start date": "19MAR2023",
    "Week end date": "25MAR2023",
    "Surveillance period": "2022-23",
    "Surveillance week": 12,
    "COVID-19 activity": "Low (<10%)",
    "COVID-19 weekly indicator change": "Similar",
    "Influenza activity": "Low (<10%)",
    "Influenza weekly indicator change": "Similar"
  },
  {
    "Indicator": "Provincial COVID-19 and influenza weekly activity assessment",
    "Week start date": "26MAR2023",
    "Week end date": "01APR2023",
    "Surveillance period": "2022-23",
    "Surveillance week": 13,
    "COVID-19 activity": "Low (<10%)",
    "COVID-19 weekly indicator change": "Lower",
    "Influenza activity": "Low (<10%)",
    "Influenza weekly indicator change": "Similar"
  },
  {
    "Indicator": "Provincial COVID-19 and influenza weekly activity assessment",
    "Week start date": "02APR2023",
    "Week end date": "08APR2023",
    "Surveillance period": "2022-23",
    "Surveillance week": 14,
    "COVID-19 activity": "Low (<10%)",
    "COVID-19 weekly indicator change": "Lower",
    "Influenza activity": "Low (<10%)",
    "Influenza weekly indicator change": "Similar"
  },
  {
    "Indicator": "Provincial COVID-19 and influenza weekly activity assessment",
    "Week start date": "09APR2023",
    "Week end date": "15APR2023",
    "Surveillance period": "2022-23",
    "Surveillance week": 15,
    "COVID-19 activity": "Low (<10%)",
    "COVID-19 weekly indicator change": "Similar",
    "Influenza activity": "Low (<10%)",
    "Influenza weekly indicator change": "Higher"
  },
  {
    "Indicator": "Provincial COVID-19 and influenza weekly activity assessment",
    "Week start date": "16APR2023",
    "Week end date": "22APR2023",
    "Surveillance period": "2022-23",
    "Surveillance week": 16,
    "COVID-19 activity": "Low (<10%)",
    "COVID-19 weekly indicator change": "Lower",
    "Influenza activity": "Low (<10%)",
    "Influenza weekly indicator change": "Similar"
  },
  {
    "Indicator": "Provincial COVID-19 and influenza weekly activity assessment",
    "Week start date": "23APR2023",
    "Week end date": "29APR2023",
    "Surveillance period": "2022-23",
    "Surveillance week": 17,
    "COVID-19 activity": "Low (<10%)",
    "COVID-19 weekly indicator change": "Lower",
    "Influenza activity": "Low (<10%)",
    "Influenza weekly indicator change": "Similar"
  },
  {
    "Indicator": "Provincial COVID-19 and influenza weekly activity assessment",
    "Week start date": "30APR2023",
    "Week end date": "06MAY2023",
    "Surveillance period": "2022-23",
    "Surveillance week": 18,
    "COVID-19 activity": "Low (<10%)",
    "COVID-19 weekly indicator change": "Similar",
    "Influenza activity": "Low (<10%)",
    "Influenza weekly indicator change": "Similar"
  },
  {
    "Indicator": "Provincial COVID-19 and influenza weekly activity assessment",
    "Week start date": "07MAY2023",
    "Week end date": "13MAY2023",
    "Surveillance period": "2022-23",
    "Surveillance week": 19,
    "COVID-19 activity": "Low (<10%)",
    "COVID-19 weekly indicator change": "Similar",
    "Influenza activity": "Low (<10%)",
    "Influenza weekly indicator change": "Similar"
  },
  {
    "Indicator": "Provincial COVID-19 and influenza weekly activity assessment",
    "Week start date": "14MAY2023",
    "Week end date": "20MAY2023",
    "Surveillance period": "2022-23",
    "Surveillance week": 20,
    "COVID-19 activity": "Low (<10%)",
    "COVID-19 weekly indicator change": "Similar",
    "Influenza activity": "Low (<10%)",
    "Influenza weekly indicator change": "Similar"
  },
  {
    "Indicator": "Provincial COVID-19 and influenza weekly activity assessment",
    "Week start date": "21MAY2023",
    "Week end date": "27MAY2023",
    "Surveillance period": "2022-23",
    "Surveillance week": 21,
    "COVID-19 activity": "Low (<10%)",
    "COVID-19 weekly indicator change": "Similar",
    "Influenza activity": "Low (<10%)",
    "Influenza weekly indicator change": "Lower"
  },
  {
    "Indicator": "Provincial COVID-19 and influenza weekly activity assessment",
    "Week start date": "28MAY2023",
    "Week end date": "03JUN2023",
    "Surveillance period": "2022-23",
    "Surveillance week": 22,
    "COVID-19 activity": "Low (<10%)",
    "COVID-19 weekly indicator change": "Similar",
    "Influenza activity": "Low (<10%)",
    "Influenza weekly indicator change": "Similar"
  },
  {
    "Indicator": "Provincial COVID-19 and influenza weekly activity assessment",
    "Week start date": "04JUN2023",
    "Week end date": "10JUN2023",
    "Surveillance period": "2022-23",
    "Surveillance week": 23,
    "COVID-19 activity": "Low (<10%)",
    "COVID-19 weekly indicator change": "Lower",
    "Influenza activity": "Low (<10%)",
    "Influenza weekly indicator change": "Similar"
  },
  {
    "Indicator": "Provincial COVID-19 and influenza weekly activity assessment",
    "Week start date": "11JUN2023",
    "Week end date": "17JUN2023",
    "Surveillance period": "2022-23",
    "Surveillance week": 24,
    "COVID-19 activity": "Low (<10%)",
    "COVID-19 weekly indicator change": "Lower",
    "Influenza activity": "Low (<10%)",
    "Influenza weekly indicator change": "Lower"
  },
  {
    "Indicator": "Provincial COVID-19 and influenza weekly activity assessment",
    "Week start date": "18JUN2023",
    "Week end date": "24JUN2023",
    "Surveillance period": "2022-23",
    "Surveillance week": 25,
    "COVID-19 activity": "Low (<10%)",
    "COVID-19 weekly indicator change": "Lower",
    "Influenza activity": "Low (<10%)",
    "Influenza weekly indicator change": "Similar"
  },
  {
    "Indicator": "Provincial COVID-19 and influenza weekly activity assessment",
    "Week start date": "25JUN2023",
    "Week end date": "01JUL2023",
    "Surveillance period": "2022-23",
    "Surveillance week": 26,
    "COVID-19 activity": "Low (<10%)",
    "COVID-19 weekly indicator change": "Lower",
    "Influenza activity": "Low (<10%)",
    "Influenza weekly indicator change": "Lower"
  },
  {
    "Indicator": "Provincial COVID-19 and influenza weekly activity assessment",
    "Week start date": "02JUL2023",
    "Week end date": "08JUL2023",
    "Surveillance period": "2022-23",
    "Surveillance week": 27,
    "COVID-19 activity": "Low (<10%)",
    "COVID-19 weekly indicator change": "Lower",
    "Influenza activity": "Low (<10%)",
    "Influenza weekly indicator change": "Lower"
  },
  {
    "Indicator": "Provincial COVID-19 and influenza weekly activity assessment",
    "Week start date": "09JUL2023",
    "Week end date": "15JUL2023",
    "Surveillance period": "2022-23",
    "Surveillance week": 28,
    "COVID-19 activity": "Low (<10%)",
    "COVID-19 weekly indicator change": "Higher",
    "Influenza activity": "Low (<10%)",
    "Influenza weekly indicator change": "Higher"
  },
  {
    "Indicator": "Provincial COVID-19 and influenza weekly activity assessment",
    "Week start date": "16JUL2023",
    "Week end date": "22JUL2023",
    "Surveillance period": "2022-23",
    "Surveillance week": 29,
    "COVID-19 activity": "Low (<10%)",
    "COVID-19 weekly indicator change": "Higher",
    "Influenza activity": "Low (<10%)",
    "Influenza weekly indicator change": "Lower"
  },
  {
    "Indicator": "Provincial COVID-19 and influenza weekly activity assessment",
    "Week start date": "23JUL2023",
    "Week end date": "29JUL2023",
    "Surveillance period": "2022-23",
    "Surveillance week": 30,
    "COVID-19 activity": "Low (<10%)",
    "COVID-19 weekly indicator change": "Similar",
    "Influenza activity": "Low (<10%)",
    "Influenza weekly indicator change": "Lower"
  },
  {
    "Indicator": "Provincial COVID-19 and influenza weekly activity assessment",
    "Week start date": "30JUL2023",
    "Week end date": "05AUG2023",
    "Surveillance period": "2022-23",
    "Surveillance week": 31,
    "COVID-19 activity": "Low (<10%)",
    "COVID-19 weekly indicator change": "Similar",
    "Influenza activity": "Low (<10%)",
    "Influenza weekly indicator change": "Similar"
  },
  {
    "Indicator": "Provincial COVID-19 and influenza weekly activity assessment",
    "Week start date": "06AUG2023",
    "Week end date": "12AUG2023",
    "Surveillance period": "2022-23",
    "Surveillance week": 32,
    "COVID-19 activity": "Low (<10%)",
    "COVID-19 weekly indicator change": "Similar",
    "Influenza activity": "Low (<10%)",
    "Influenza weekly indicator change": "Higher"
  },
  {
    "Indicator": "Provincial COVID-19 and influenza weekly activity assessment",
    "Week start date": "13AUG2023",
    "Week end date": "19AUG2023",
    "Surveillance period": "2022-23",
    "Surveillance week": 33,
    "COVID-19 activity": "Low (<10%)",
    "COVID-19 weekly indicator change": "Higher",
    "Influenza activity": "Low (<10%)",
    "Influenza weekly indicator change": "Lower"
  },
  {
    "Indicator": "Provincial COVID-19 and influenza weekly activity assessment",
    "Week start date": "20AUG2023",
    "Week end date": "26AUG2023",
    "Surveillance period": "2022-23",
    "Surveillance week": 34,
    "COVID-19 activity": "Moderate (10.0% - 16.9%)",
    "COVID-19 weekly indicator change": "Higher",
    "Influenza activity": "Low (<10%)",
    "Influenza weekly indicator change": "Higher"
  },
  {
    "Indicator": "Provincial COVID-19 and influenza weekly activity assessment",
    "Week start date": "27AUG2023",
    "Week end date": "02SEP2023",
    "Surveillance period": "2023-24",
    "Surveillance week": 35,
    "COVID-19 activity": "Moderate (10.0% - 16.9%)",
    "COVID-19 weekly indicator change": "Similar",
    "Influenza activity": "Low (<10%)",
    "Influenza weekly indicator change": "Similar"
  },
  {
    "Indicator": "Provincial COVID-19 and influenza weekly activity assessment",
    "Week start date": "03SEP2023",
    "Week end date": "09SEP2023",
    "Surveillance period": "2023-24",
    "Surveillance week": 36,
    "COVID-19 activity": "Moderate (10.0% - 16.9%)",
    "COVID-19 weekly indicator change": "Higher",
    "Influenza activity": "Low (<10%)",
    "Influenza weekly indicator change": "Similar"
  },
  {
    "Indicator": "Provincial COVID-19 and influenza weekly activity assessment",
    "Week start date": "10SEP2023",
    "Week end date": "16SEP2023",
    "Surveillance period": "2023-24",
    "Surveillance week": 37,
    "COVID-19 activity": "Moderate (10.0% - 16.9%)",
    "COVID-19 weekly indicator change": "Similar",
    "Influenza activity": "Low (<10%)",
    "Influenza weekly indicator change": "Similar"
  },
  {
    "Indicator": "Provincial COVID-19 and influenza weekly activity assessment",
    "Week start date": "17SEP2023",
    "Week end date": "23SEP2023",
    "Surveillance period": "2023-24",
    "Surveillance week": 38,
    "COVID-19 activity": "Moderate (10.0% - 16.9%)",
    "COVID-19 weekly indicator change": "Higher",
    "Influenza activity": "Low (<10%)",
    "Influenza weekly indicator change": "Similar"
  },
  {
    "Indicator": "Provincial COVID-19 and influenza weekly activity assessment",
    "Week start date": "24SEP2023",
    "Week end date": "30SEP2023",
    "Surveillance period": "2023-24",
    "Surveillance week": 39,
    "COVID-19 activity": "High (17.0% - 24.9%)",
    "COVID-19 weekly indicator change": "Higher",
    "Influenza activity": "Low (<10%)",
    "Influenza weekly indicator change": "Similar"
  },
  {
    "Indicator": "Provincial COVID-19 and influenza weekly activity assessment",
    "Week start date": "01OCT2023",
    "Week end date": "07OCT2023",
    "Surveillance period": "2023-24",
    "Surveillance week": 40,
    "COVID-19 activity": "Moderate (10.0% - 16.9%)",
    "COVID-19 weekly indicator change": "Similar",
    "Influenza activity": "Low (<10%)",
    "Influenza weekly indicator change": "Similar"
  },
  {
    "Indicator": "Provincial COVID-19 and influenza weekly activity assessment",
    "Week start date": "08OCT2023",
    "Week end date": "14OCT2023",
    "Surveillance period": "2023-24",
    "Surveillance week": 41,
    "COVID-19 activity": "Moderate (10.0% - 16.9%)",
    "COVID-19 weekly indicator change": "Lower",
    "Influenza activity": "Low (<10%)",
    "Influenza weekly indicator change": "Similar"
  },
  {
    "Indicator": "Provincial COVID-19 and influenza weekly activity assessment",
    "Week start date": "15OCT2023",
    "Week end date": "21OCT2023",
    "Surveillance period": "2023-24",
    "Surveillance week": 42,
    "COVID-19 activity": "Moderate (10.0% - 16.9%)",
    "COVID-19 weekly indicator change": "Higher",
    "Influenza activity": "Low (<10%)",
    "Influenza weekly indicator change": "Higher"
  },
  {
    "Indicator": "Provincial COVID-19 and influenza weekly activity assessment",
    "Week start date": "22OCT2023",
    "Week end date": "28OCT2023",
    "Surveillance period": "2023-24",
    "Surveillance week": 43,
    "COVID-19 activity": "High (17.0% - 24.9%)",
    "COVID-19 weekly indicator change": "Higher",
    "Influenza activity": "Low (<10%)",
    "Influenza weekly indicator change": "Higher"
  },
  {
    "Indicator": "Provincial COVID-19 and influenza weekly activity assessment",
    "Week start date": "29OCT2023",
    "Week end date": "04NOV2023",
    "Surveillance period": "2023-24",
    "Surveillance week": 44,
    "COVID-19 activity": "High (17.0% - 24.9%)",
    "COVID-19 weekly indicator change": "Similar",
    "Influenza activity": "Low (<10%)",
    "Influenza weekly indicator change": "Similar"
  },
  {
    "Indicator": "Provincial COVID-19 and influenza weekly activity assessment",
    "Week start date": "05NOV2023",
    "Week end date": "11NOV2023",
    "Surveillance period": "2023-24",
    "Surveillance week": 45,
    "COVID-19 activity": "High (17.0% - 24.9%)",
    "COVID-19 weekly indicator change": "Similar",
    "Influenza activity": "Low (<10%)",
    "Influenza weekly indicator change": "Higher"
  },
  {
    "Indicator": "Provincial COVID-19 and influenza weekly activity assessment",
    "Week start date": "12NOV2023",
    "Week end date": "18NOV2023",
    "Surveillance period": "2023-24",
    "Surveillance week": 46,
    "COVID-19 activity": "High (17.0% - 24.9%)",
    "COVID-19 weekly indicator change": "Higher",
    "Influenza activity": "Low (<10%)",
    "Influenza weekly indicator change": "Higher"
  },
  {
    "Indicator": "Provincial COVID-19 and influenza weekly activity assessment",
    "Week start date": "19NOV2023",
    "Week end date": "25NOV2023",
    "Surveillance period": "2023-24",
    "Surveillance week": 47,
    "COVID-19 activity": "High (17.0% - 24.9%)",
    "COVID-19 weekly indicator change": "Similar",
    "Influenza activity": "Low (<10%)",
    "Influenza weekly indicator change": "Higher"
  },
  {
    "Indicator": "Provincial COVID-19 and influenza weekly activity assessment",
    "Week start date": "26NOV2023",
    "Week end date": "02DEC2023",
    "Surveillance period": "2023-24",
    "Surveillance week": 48,
    "COVID-19 activity": "High (17.0% - 24.9%)",
    "COVID-19 weekly indicator change": "Similar",
    "Influenza activity": "Low (<10%)",
    "Influenza weekly indicator change": "Higher"
  },
  {
    "Indicator": "Provincial COVID-19 and influenza weekly activity assessment",
    "Week start date": "03DEC2023",
    "Week end date": "09DEC2023",
    "Surveillance period": "2023-24",
    "Surveillance week": 49,
    "COVID-19 activity": "High (17.0% - 24.9%)",
    "COVID-19 weekly indicator change": "Similar",
    "Influenza activity": "Low (<10%)",
    "Influenza weekly indicator change": "Higher"
  },
  {
    "Indicator": "Provincial COVID-19 and influenza weekly activity assessment",
    "Week start date": "10DEC2023",
    "Week end date": "16DEC2023",
    "Surveillance period": "2023-24",
    "Surveillance week": 50,
    "COVID-19 activity": "High (17.0% - 24.9%)",
    "COVID-19 weekly indicator change": "Similar",
    "Influenza activity": "Low (<10%)",
    "Influenza weekly indicator change": "Higher"
  },
  {
    "Indicator": "Provincial COVID-19 and influenza weekly activity assessment",
    "Week start date": "17DEC2023",
    "Week end date": "23DEC2023",
    "Surveillance period": "2023-24",
    "Surveillance week": 51,
    "COVID-19 activity": "High (17.0% - 24.9%)",
    "COVID-19 weekly indicator change": "Similar",
    "Influenza activity": "Low (<10%)",
    "Influenza weekly indicator change": "Higher"
  },
  {
    "Indicator": "Provincial COVID-19 and influenza weekly activity assessment",
    "Week start date": "24DEC2023",
    "Week end date": "30DEC2023",
    "Surveillance period": "2023-24",
    "Surveillance week": 52,
    "COVID-19 activity": "High (17.0% - 24.9%)",
    "COVID-19 weekly indicator change": "Similar",
    "Influenza activity": "Moderate (10.0% - 24.9%)",
    "Influenza weekly indicator change": "Higher"
  },
  {
    "Indicator": "Provincial COVID-19 and influenza weekly activity assessment",
    "Week start date": "31DEC2023",
    "Week end date": "06JAN2024",
    "Surveillance period": "2023-24",
    "Surveillance week": "01",
    "COVID-19 activity": "High (17.0% - 24.9%)",
    "COVID-19 weekly indicator change": "Similar",
    "Influenza activity": "Moderate (10.0% - 24.9%)",
    "Influenza weekly indicator change": "Higher"
  },
  {
    "Indicator": "Provincial COVID-19 and influenza weekly activity assessment",
    "Week start date": "07JAN2024",
    "Week end date": "13JAN2024",
    "Surveillance period": "2023-24",
    "Surveillance week": "02",
    "COVID-19 activity": "Moderate (10.0% - 16.9%)",
    "COVID-19 weekly indicator change": "Lower",
    "Influenza activity": "Low (<10%)",
    "Influenza weekly indicator change": "Lower"
  },
  {
    "Indicator": "Provincial COVID-19 and influenza weekly activity assessment",
    "Week start date": "14JAN2024",
    "Week end date": "20JAN2024",
    "Surveillance period": "2023-24",
    "Surveillance week": "03",
    "COVID-19 activity": "Moderate (10.0% - 16.9%)",
    "COVID-19 weekly indicator change": "Lower",
    "Influenza activity": "Low (<10%)",
    "Influenza weekly indicator change": "Similar"
  },
  {
    "Indicator": "Provincial COVID-19 and influenza weekly activity assessment",
    "Week start date": "21JAN2024",
    "Week end date": "27JAN2024",
    "Surveillance period": "2023-24",
    "Surveillance week": "04",
    "COVID-19 activity": "Moderate (10.0% - 16.9%)",
    "COVID-19 weekly indicator change": "Lower",
    "Influenza activity": "Low (<10%)",
    "Influenza weekly indicator change": "Similar"
  },
  {
    "Indicator": "Provincial COVID-19 and influenza weekly activity assessment",
    "Week start date": "28JAN2024",
    "Week end date": "03FEB2024",
    "Surveillance period": "2023-24",
    "Surveillance week": "05",
    "COVID-19 activity": "Moderate (10.0% - 16.9%)",
    "COVID-19 weekly indicator change": "Lower",
    "Influenza activity": "Low (<10%)",
    "Influenza weekly indicator change": "Similar"
  },
  {
    "Indicator": "Provincial COVID-19 and influenza weekly activity assessment",
    "Week start date": "04FEB2024",
    "Week end date": "10FEB2024",
    "Surveillance period": "2023-24",
    "Surveillance week": "06",
    "COVID-19 activity": "Low (<10%)",
    "COVID-19 weekly indicator change": "Lower",
    "Influenza activity": "Low (<10%)",
    "Influenza weekly indicator change": "Lower"
  },
  {
    "Indicator": "Provincial COVID-19 and influenza weekly activity assessment",
    "Week start date": "11FEB2024",
    "Week end date": "17FEB2024",
    "Surveillance period": "2023-24",
    "Surveillance week": "07",
    "COVID-19 activity": "Low (<10%)",
    "COVID-19 weekly indicator change": "Lower",
    "Influenza activity": "Low (<10%)",
    "Influenza weekly indicator change": "Similar"
  },
  {
    "Indicator": "Provincial COVID-19 and influenza weekly activity assessment",
    "Week start date": "18FEB2024",
    "Week end date": "24FEB2024",
    "Surveillance period": "2023-24",
    "Surveillance week": "08",
    "COVID-19 activity": "Low (<10%)",
    "COVID-19 weekly indicator change": "Lower",
    "Influenza activity": "Low (<10%)",
    "Influenza weekly indicator change": "Similar"
  },
  {
    "Indicator": "Provincial COVID-19 and influenza weekly activity assessment",
    "Week start date": "25FEB2024",
    "Week end date": "02MAR2024",
    "Surveillance period": "2023-24",
    "Surveillance week": "09",
    "COVID-19 activity": "Low (<10%)",
    "COVID-19 weekly indicator change": "Lower",
    "Influenza activity": "Low (<10%)",
    "Influenza weekly indicator change": "Similar"
  },
  {
    "Indicator": "Provincial COVID-19 and influenza weekly activity assessment",
    "Week start date": "03MAR2024",
    "Week end date": "09MAR2024",
    "Surveillance period": "2023-24",
    "Surveillance week": 10,
    "COVID-19 activity": "Low (<10%)",
    "COVID-19 weekly indicator change": "Lower",
    "Influenza activity": "Low (<10%)",
    "Influenza weekly indicator change": "Similar"
  },
  {
    "Indicator": "Provincial COVID-19 and influenza weekly activity assessment",
    "Week start date": "10MAR2024",
    "Week end date": "16MAR2024",
    "Surveillance period": "2023-24",
    "Surveillance week": 11,
    "COVID-19 activity": "Low (<10%)",
    "COVID-19 weekly indicator change": "Higher",
    "Influenza activity": "Low (<10%)",
    "Influenza weekly indicator change": "Lower"
  },
  {
    "Indicator": "Provincial COVID-19 and influenza weekly activity assessment",
    "Week start date": "17MAR2024",
    "Week end date": "23MAR2024",
    "Surveillance period": "2023-24",
    "Surveillance week": 12,
    "COVID-19 activity": "Low (<10%)",
    "COVID-19 weekly indicator change": "Similar",
    "Influenza activity": "Low (<10%)",
    "Influenza weekly indicator change": "Lower"
  },
  {
    "Indicator": "Provincial COVID-19 and influenza weekly activity assessment",
    "Week start date": "24MAR2024",
    "Week end date": "30MAR2024",
    "Surveillance period": "2023-24",
    "Surveillance week": 13,
    "COVID-19 activity": "Low (<10%)",
    "COVID-19 weekly indicator change": "Lower",
    "Influenza activity": "Low (<10%)",
    "Influenza weekly indicator change": "Lower"
  },
  {
    "Indicator": "Provincial COVID-19 and influenza weekly activity assessment",
    "Week start date": "31MAR2024",
    "Week end date": "06APR2024",
    "Surveillance period": "2023-24",
    "Surveillance week": 14,
    "COVID-19 activity": "Low (<10%)",
    "COVID-19 weekly indicator change": "Higher",
    "Influenza activity": "Low (<10%)",
    "Influenza weekly indicator change": "Higher"
  },
  {
    "Indicator": "Provincial COVID-19 and influenza weekly activity assessment",
    "Week start date": "07APR2024",
    "Week end date": "13APR2024",
    "Surveillance period": "2023-24",
    "Surveillance week": 15,
    "COVID-19 activity": "Low (<10%)",
    "COVID-19 weekly indicator change": "Higher",
    "Influenza activity": "Low (<10%)",
    "Influenza weekly indicator change": "Lower"
  },
  {
    "Indicator": "Provincial COVID-19 and influenza weekly activity assessment",
    "Week start date": "14APR2024",
    "Week end date": "20APR2024",
    "Surveillance period": "2023-24",
    "Surveillance week": 16,
    "COVID-19 activity": "Low (<10%)",
    "COVID-19 weekly indicator change": "Similar",
    "Influenza activity": "Low (<10%)",
    "Influenza weekly indicator change": "Lower"
  },
  {
    "Indicator": "Provincial COVID-19 and influenza weekly activity assessment",
    "Week start date": "21APR2024",
    "Week end date": "27APR2024",
    "Surveillance period": "2023-24",
    "Surveillance week": 17,
    "COVID-19 activity": "Low (<10%)",
    "COVID-19 weekly indicator change": "Similar",
    "Influenza activity": "Low (<10%)",
    "Influenza weekly indicator change": "Lower"
  },
  {
    "Indicator": "Provincial COVID-19 and influenza weekly activity assessment",
    "Week start date": "28APR2024",
    "Week end date": "04MAY2024",
    "Surveillance period": "2023-24",
    "Surveillance week": 18,
    "COVID-19 activity": "Low (<10%)",
    "COVID-19 weekly indicator change": "Higher",
    "Influenza activity": "Low (<10%)",
    "Influenza weekly indicator change": "Similar"
  },
  {
    "Indicator": "Provincial COVID-19 and influenza weekly activity assessment",
    "Week start date": "05MAY2024",
    "Week end date": "11MAY2024",
    "Surveillance period": "2023-24",
    "Surveillance week": 19,
    "COVID-19 activity": "Low (<10%)",
    "COVID-19 weekly indicator change": "Similar",
    "Influenza activity": "Low (<10%)",
    "Influenza weekly indicator change": "Lower"
  },
  {
    "Indicator": "Provincial COVID-19 and influenza weekly activity assessment",
    "Week start date": "12MAY2024",
    "Week end date": "18MAY2024",
    "Surveillance period": "2023-24",
    "Surveillance week": 20,
    "COVID-19 activity": "Moderate (10.0% - 16.9%)",
    "COVID-19 weekly indicator change": "Higher",
    "Influenza activity": "Low (<10%)",
    "Influenza weekly indicator change": "Lower"
  },
  {
    "Indicator": "Provincial COVID-19 and influenza weekly activity assessment",
    "Week start date": "19MAY2024",
    "Week end date": "25MAY2024",
    "Surveillance period": "2023-24",
    "Surveillance week": 21,
    "COVID-19 activity": "Low (<10%)",
    "COVID-19 weekly indicator change": "Lower",
    "Influenza activity": "Low (<10%)",
    "Influenza weekly indicator change": "Lower"
  },
  {
    "Indicator": "Provincial COVID-19 and influenza weekly activity assessment",
    "Week start date": "26MAY2024",
    "Week end date": "01JUN2024",
    "Surveillance period": "2023-24",
    "Surveillance week": 22,
    "COVID-19 activity": "Low (<10%)",
    "COVID-19 weekly indicator change": "Similar",
    "Influenza activity": "Low (<10%)",
    "Influenza weekly indicator change": "Lower"
  },
  {
    "Indicator": "Provincial COVID-19 and influenza weekly activity assessment",
    "Week start date": "02JUN2024",
    "Week end date": "08JUN2024",
    "Surveillance period": "2023-24",
    "Surveillance week": 23,
    "COVID-19 activity": "Low (<10%)",
    "COVID-19 weekly indicator change": "Similar",
    "Influenza activity": "Low (<10%)",
    "Influenza weekly indicator change": "Lower"
  },
  {
    "Indicator": "Provincial COVID-19 and influenza weekly activity assessment",
    "Week start date": "09JUN2024",
    "Week end date": "15JUN2024",
    "Surveillance period": "2023-24",
    "Surveillance week": 24,
    "COVID-19 activity": "Low (<10%)",
    "COVID-19 weekly indicator change": "Higher",
    "Influenza activity": "Low (<10%)",
    "Influenza weekly indicator change": "Similar"
  }
]